signature,model,rank,gene,weight,meta_p,meta_FDR
TAC_high_positive_top50,TAC_high_vs_other,1,POSTN,10.560119065091,4.56082956703955e-26,5.64630700399497e-22
TAC_high_positive_top50,TAC_high_vs_other,2,COL6A3,10.0649149149854,7.89555738603087e-24,4.88735002195311e-20
TAC_high_positive_top50,TAC_high_vs_other,3,COL1A2,9.92189131978333,3.34359433573533e-23,1.13100211331878e-19
TAC_high_positive_top50,TAC_high_vs_other,4,TMEM158,9.88735607902897,4.72337701063774e-23,1.13100211331878e-19
TAC_high_positive_top50,TAC_high_vs_other,5,CHST7,9.88371352230078,4.8983280122612e-23,1.13100211331878e-19
TAC_high_positive_top50,TAC_high_vs_other,6,COL3A1,9.8724407294005,5.48143189007485e-23,1.13100211331878e-19
TAC_high_positive_top50,TAC_high_vs_other,7,FAP,9.85684698592854,6.40284819792198e-23,1.13238943843249e-19
TAC_high_positive_top50,TAC_high_vs_other,8,SULF1,9.80289561962553,1.09403555793987e-22,1.63062275531787e-19
TAC_high_positive_top50,TAC_high_vs_other,9,COL1A1,9.79479054513944,1.18542849740394e-22,1.63062275531787e-19
TAC_high_positive_top50,TAC_high_vs_other,10,COL6A2,9.76168678451397,1.64397791819925e-22,2.03524466273068e-19
TAC_high_positive_top50,TAC_high_vs_other,11,COL5A1,9.66434046149038,4.27363755099728e-22,4.80978480739512e-19
TAC_high_positive_top50,TAC_high_vs_other,12,FN1,9.61476771861226,6.92655081769137e-22,7.14589159358493e-19
TAC_high_positive_top50,TAC_high_vs_other,13,CALD1,9.4824202478761,2.48452417045105e-21,2.36603147924492e-18
TAC_high_positive_top50,TAC_high_vs_other,14,COL6A1,9.46575625126755,2.91444400572912e-21,2.56405678123794e-18
TAC_high_positive_top50,TAC_high_vs_other,15,SPARC,9.45907838301518,3.10669238437553e-21,2.56405678123794e-18
TAC_high_positive_top50,TAC_high_vs_other,16,LUM,9.38148601889215,6.50493680336982e-21,5.0331948516074e-18
TAC_high_positive_top50,TAC_high_vs_other,17,NOX4,9.32444144778033,1.11569679027914e-20,8.12489780215045e-18
TAC_high_positive_top50,TAC_high_vs_other,18,CTSK,9.27013886982879,1.85903722834366e-20,1.27860449371636e-17
TAC_high_positive_top50,TAC_high_vs_other,19,CLEC11A,9.26050860370008,2.03460712560429e-20,1.32570716920953e-17
TAC_high_positive_top50,TAC_high_vs_other,20,CDH11,9.23017347347911,2.7019395374233e-20,1.67250057366502e-17
TAC_high_positive_top50,TAC_high_vs_other,21,ANTXR1,9.17664142412064,4.44746296876263e-20,2.62188531206102e-17
TAC_high_positive_top50,TAC_high_vs_other,22,SPOCK1,9.15683321753805,5.344257961021e-20,3.00735970715636e-17
TAC_high_positive_top50,TAC_high_vs_other,23,ISLR,9.12086624068476,7.45262312529804e-20,3.75080509986764e-17
TAC_high_positive_top50,TAC_high_vs_other,24,GLT8D2,9.12077909210892,7.4586189696948e-20,3.75080509986764e-17
TAC_high_positive_top50,TAC_high_vs_other,25,ADAM12,9.11911076847585,7.57432370732561e-20,3.75080509986764e-17
TAC_high_positive_top50,TAC_high_vs_other,26,COL5A2,9.07456517499616,1.14132295777024e-19,5.43445316045983e-17
TAC_high_positive_top50,TAC_high_vs_other,27,PCOLCE,9.06433289398014,1.25369042904146e-19,5.74840278204935e-17
TAC_high_positive_top50,TAC_high_vs_other,28,MAP1B,9.04624251340585,1.47972597629315e-19,6.54250270946757e-17
TAC_high_positive_top50,TAC_high_vs_other,29,TNFAIP6,9.00834249730814,2.09194155088978e-19,8.93042634483293e-17
TAC_high_positive_top50,TAC_high_vs_other,30,PRRX1,8.9884400481566,2.50764201745474e-19,1.03482027253632e-16
TAC_high_positive_top50,TAC_high_vs_other,31,THY1,8.96355595814759,3.14372943534549e-19,1.25546356159926e-16
TAC_high_positive_top50,TAC_high_vs_other,32,PDGFRB,8.93826736355798,3.95319675009954e-19,1.52939299269476e-16
TAC_high_positive_top50,TAC_high_vs_other,33,COL10A1,8.89336835940354,5.92838832780858e-19,2.22404386358395e-16
TAC_high_positive_top50,TAC_high_vs_other,34,MMP2,8.87099987673553,7.24920345372396e-19,2.59620413050569e-16
TAC_high_positive_top50,TAC_high_vs_other,35,TGFB1I1,8.86961634098481,7.33983397154273e-19,2.59620413050569e-16
TAC_high_positive_top50,TAC_high_vs_other,36,MMP11,8.82820638753561,1.06367646691277e-18,3.65786518343893e-16
TAC_high_positive_top50,TAC_high_vs_other,37,VCAN,8.81035734860069,1.24747544349263e-18,4.1739854028213e-16
TAC_high_positive_top50,TAC_high_vs_other,38,AEBP1,8.79660493390075,1.41017697420776e-18,4.59420814228738e-16
TAC_high_positive_top50,TAC_high_vs_other,39,HAS2,8.77471102443883,1.7134328490571e-18,5.43905094136588e-16
TAC_high_positive_top50,TAC_high_vs_other,40,PDLIM3,8.72277891159447,2.71455979267191e-18,8.40156255831956e-16
TAC_high_positive_top50,TAC_high_vs_other,41,BGN,8.5549294978006,1.17940793060287e-17,3.5612366294789e-15
TAC_high_positive_top50,TAC_high_vs_other,42,PDPN,8.50415777823179,1.82918630053612e-17,5.39174438110409e-15
TAC_high_positive_top50,TAC_high_vs_other,43,PALLD,8.4864413044565,2.13061201138531e-17,6.13418062812793e-15
TAC_high_positive_top50,TAC_high_vs_other,44,SYDE1,8.47419577712596,2.36709061861763e-17,6.66013224056506e-15
TAC_high_positive_top50,TAC_high_vs_other,45,FBN1,8.44664799229978,2.99785900806205e-17,8.18208759551087e-15
TAC_high_positive_top50,TAC_high_vs_other,46,COL11A1,8.44501000708591,3.04019409849354e-17,8.18208759551087e-15
TAC_high_positive_top50,TAC_high_vs_other,47,MXRA7,8.44058277090832,3.15759360377346e-17,8.31723591802455e-15
TAC_high_positive_top50,TAC_high_vs_other,48,ADAMTS2,8.35560731099357,6.50969253721341e-17,1.67895820022296e-14
TAC_high_positive_top50,TAC_high_vs_other,49,ADAMTS12,8.33847915539753,7.52520920667212e-17,1.90126714242042e-14
TAC_high_positive_top50,TAC_high_vs_other,50,DKK3,8.33320997651642,7.86794390763656e-17,1.94810291153081e-14
TAC_high_positive_top200,TAC_high_vs_other,1,POSTN,10.560119065091,4.56082956703955e-26,5.64630700399497e-22
TAC_high_positive_top200,TAC_high_vs_other,2,COL6A3,10.0649149149854,7.89555738603087e-24,4.88735002195311e-20
TAC_high_positive_top200,TAC_high_vs_other,3,COL1A2,9.92189131978333,3.34359433573533e-23,1.13100211331878e-19
TAC_high_positive_top200,TAC_high_vs_other,4,TMEM158,9.88735607902897,4.72337701063774e-23,1.13100211331878e-19
TAC_high_positive_top200,TAC_high_vs_other,5,CHST7,9.88371352230078,4.8983280122612e-23,1.13100211331878e-19
TAC_high_positive_top200,TAC_high_vs_other,6,COL3A1,9.8724407294005,5.48143189007485e-23,1.13100211331878e-19
TAC_high_positive_top200,TAC_high_vs_other,7,FAP,9.85684698592854,6.40284819792198e-23,1.13238943843249e-19
TAC_high_positive_top200,TAC_high_vs_other,8,SULF1,9.80289561962553,1.09403555793987e-22,1.63062275531787e-19
TAC_high_positive_top200,TAC_high_vs_other,9,COL1A1,9.79479054513944,1.18542849740394e-22,1.63062275531787e-19
TAC_high_positive_top200,TAC_high_vs_other,10,COL6A2,9.76168678451397,1.64397791819925e-22,2.03524466273068e-19
TAC_high_positive_top200,TAC_high_vs_other,11,COL5A1,9.66434046149038,4.27363755099728e-22,4.80978480739512e-19
TAC_high_positive_top200,TAC_high_vs_other,12,FN1,9.61476771861226,6.92655081769137e-22,7.14589159358493e-19
TAC_high_positive_top200,TAC_high_vs_other,13,CALD1,9.4824202478761,2.48452417045105e-21,2.36603147924492e-18
TAC_high_positive_top200,TAC_high_vs_other,14,COL6A1,9.46575625126755,2.91444400572912e-21,2.56405678123794e-18
TAC_high_positive_top200,TAC_high_vs_other,15,SPARC,9.45907838301518,3.10669238437553e-21,2.56405678123794e-18
TAC_high_positive_top200,TAC_high_vs_other,16,LUM,9.38148601889215,6.50493680336982e-21,5.0331948516074e-18
TAC_high_positive_top200,TAC_high_vs_other,17,NOX4,9.32444144778033,1.11569679027914e-20,8.12489780215045e-18
TAC_high_positive_top200,TAC_high_vs_other,18,CTSK,9.27013886982879,1.85903722834366e-20,1.27860449371636e-17
TAC_high_positive_top200,TAC_high_vs_other,19,CLEC11A,9.26050860370008,2.03460712560429e-20,1.32570716920953e-17
TAC_high_positive_top200,TAC_high_vs_other,20,CDH11,9.23017347347911,2.7019395374233e-20,1.67250057366502e-17
TAC_high_positive_top200,TAC_high_vs_other,21,ANTXR1,9.17664142412064,4.44746296876263e-20,2.62188531206102e-17
TAC_high_positive_top200,TAC_high_vs_other,22,SPOCK1,9.15683321753805,5.344257961021e-20,3.00735970715636e-17
TAC_high_positive_top200,TAC_high_vs_other,23,ISLR,9.12086624068476,7.45262312529804e-20,3.75080509986764e-17
TAC_high_positive_top200,TAC_high_vs_other,24,GLT8D2,9.12077909210892,7.4586189696948e-20,3.75080509986764e-17
TAC_high_positive_top200,TAC_high_vs_other,25,ADAM12,9.11911076847585,7.57432370732561e-20,3.75080509986764e-17
TAC_high_positive_top200,TAC_high_vs_other,26,COL5A2,9.07456517499616,1.14132295777024e-19,5.43445316045983e-17
TAC_high_positive_top200,TAC_high_vs_other,27,PCOLCE,9.06433289398014,1.25369042904146e-19,5.74840278204935e-17
TAC_high_positive_top200,TAC_high_vs_other,28,MAP1B,9.04624251340585,1.47972597629315e-19,6.54250270946757e-17
TAC_high_positive_top200,TAC_high_vs_other,29,TNFAIP6,9.00834249730814,2.09194155088978e-19,8.93042634483293e-17
TAC_high_positive_top200,TAC_high_vs_other,30,PRRX1,8.9884400481566,2.50764201745474e-19,1.03482027253632e-16
TAC_high_positive_top200,TAC_high_vs_other,31,THY1,8.96355595814759,3.14372943534549e-19,1.25546356159926e-16
TAC_high_positive_top200,TAC_high_vs_other,32,PDGFRB,8.93826736355798,3.95319675009954e-19,1.52939299269476e-16
TAC_high_positive_top200,TAC_high_vs_other,33,COL10A1,8.89336835940354,5.92838832780858e-19,2.22404386358395e-16
TAC_high_positive_top200,TAC_high_vs_other,34,MMP2,8.87099987673553,7.24920345372396e-19,2.59620413050569e-16
TAC_high_positive_top200,TAC_high_vs_other,35,TGFB1I1,8.86961634098481,7.33983397154273e-19,2.59620413050569e-16
TAC_high_positive_top200,TAC_high_vs_other,36,MMP11,8.82820638753561,1.06367646691277e-18,3.65786518343893e-16
TAC_high_positive_top200,TAC_high_vs_other,37,VCAN,8.81035734860069,1.24747544349263e-18,4.1739854028213e-16
TAC_high_positive_top200,TAC_high_vs_other,38,AEBP1,8.79660493390075,1.41017697420776e-18,4.59420814228738e-16
TAC_high_positive_top200,TAC_high_vs_other,39,HAS2,8.77471102443883,1.7134328490571e-18,5.43905094136588e-16
TAC_high_positive_top200,TAC_high_vs_other,40,PDLIM3,8.72277891159447,2.71455979267191e-18,8.40156255831956e-16
TAC_high_positive_top200,TAC_high_vs_other,41,BGN,8.5549294978006,1.17940793060287e-17,3.5612366294789e-15
TAC_high_positive_top200,TAC_high_vs_other,42,PDPN,8.50415777823179,1.82918630053612e-17,5.39174438110409e-15
TAC_high_positive_top200,TAC_high_vs_other,43,PALLD,8.4864413044565,2.13061201138531e-17,6.13418062812793e-15
TAC_high_positive_top200,TAC_high_vs_other,44,SYDE1,8.47419577712596,2.36709061861763e-17,6.66013224056506e-15
TAC_high_positive_top200,TAC_high_vs_other,45,FBN1,8.44664799229978,2.99785900806205e-17,8.18208759551087e-15
TAC_high_positive_top200,TAC_high_vs_other,46,COL11A1,8.44501000708591,3.04019409849354e-17,8.18208759551087e-15
TAC_high_positive_top200,TAC_high_vs_other,47,MXRA7,8.44058277090832,3.15759360377346e-17,8.31723591802455e-15
TAC_high_positive_top200,TAC_high_vs_other,48,ADAMTS2,8.35560731099357,6.50969253721341e-17,1.67895820022296e-14
TAC_high_positive_top200,TAC_high_vs_other,49,ADAMTS12,8.33847915539753,7.52520920667212e-17,1.90126714242042e-14
TAC_high_positive_top200,TAC_high_vs_other,50,DKK3,8.33320997651642,7.86794390763656e-17,1.94810291153081e-14
TAC_high_positive_top200,TAC_high_vs_other,51,ANGPTL2,8.29291278992867,1.10508364657511e-16,2.68253638129409e-14
TAC_high_positive_top200,TAC_high_vs_other,52,EDNRA,8.25174937341846,1.56092511526731e-16,3.6761318241135e-14
TAC_high_positive_top200,TAC_high_vs_other,53,DCN,8.25076875168152,1.5737882607271e-16,3.6761318241135e-14
TAC_high_positive_top200,TAC_high_vs_other,54,EFEMP2,8.24174492374228,1.69717086869991e-16,3.89092136194535e-14
TAC_high_positive_top200,TAC_high_vs_other,55,LRRC15,8.21083091859393,2.19663026215084e-16,4.94441502644135e-14
TAC_high_positive_top200,TAC_high_vs_other,56,FSTL1,8.17592691348864,2.93599932093122e-16,6.49065564163008e-14
TAC_high_positive_top200,TAC_high_vs_other,57,EML1,8.16555719766601,3.19954889957687e-16,6.94919568013362e-14
TAC_high_positive_top200,TAC_high_vs_other,58,GREM1,8.128426346842,4.34899241704263e-16,9.2828493315496e-14
TAC_high_positive_top200,TAC_high_vs_other,59,WNT5A,8.09657624494219,5.65275535984472e-16,1.15562406943699e-13
TAC_high_positive_top200,TAC_high_vs_other,60,INHBA,8.09514791682299,5.71948096857854e-16,1.15562406943699e-13
TAC_high_positive_top200,TAC_high_vs_other,61,TIMP2,8.09362725970998,5.79137287489344e-16,1.15562406943699e-13
TAC_high_positive_top200,TAC_high_vs_other,62,FERMT2,8.09295718969977,5.82333362994519e-16,1.15562406943699e-13
TAC_high_positive_top200,TAC_high_vs_other,63,TNC,8.09176142856125,5.8808009995582e-16,1.15562406943699e-13
TAC_high_positive_top200,TAC_high_vs_other,64,GRP,8.04996096827246,8.28204447190351e-16,1.60205797753384e-13
TAC_high_positive_top200,TAC_high_vs_other,65,EMILIN1,8.01842790259332,1.07107120099545e-15,2.03997868743441e-13
TAC_high_positive_top200,TAC_high_vs_other,66,LGALS1,8.00088630913209,1.23526804335873e-15,2.31706339042138e-13
TAC_high_positive_top200,TAC_high_vs_other,67,RAI14,7.9844337614889,1.41168800118871e-15,2.60846230667407e-13
TAC_high_positive_top200,TAC_high_vs_other,68,BICC1,7.98073086458692,1.45469342070714e-15,2.64839772769917e-13
TAC_high_positive_top200,TAC_high_vs_other,69,CDH2,7.92571525993024,2.26836832560649e-15,4.06991302478383e-13
TAC_high_positive_top200,TAC_high_vs_other,70,ACVR1,7.89360490229155,2.93580577594569e-15,5.17358886493173e-13
TAC_high_positive_top200,TAC_high_vs_other,71,SDC2,7.89228287651597,2.96708246696408e-15,5.17358886493173e-13
TAC_high_positive_top200,TAC_high_vs_other,72,LRP12,7.88393007788441,3.1724184875042e-15,5.45479734379195e-13
TAC_high_positive_top200,TAC_high_vs_other,73,TCF4,7.8689102952537,3.57743563594132e-15,6.06693879081555e-13
TAC_high_positive_top200,TAC_high_vs_other,74,COL8A1,7.85888832353677,3.87557568139563e-15,6.4837333696862e-13
TAC_high_positive_top200,TAC_high_vs_other,75,LOXL2,7.84299636331785,4.39920736321559e-15,7.26162495421453e-13
TAC_high_positive_top200,TAC_high_vs_other,76,DGKI,7.83980296433866,4.51253944208617e-15,7.35068924908247e-13
TAC_high_positive_top200,TAC_high_vs_other,77,IQCJ-SCHIP1,7.83200170926833,4.80163003667865e-15,7.72002335767294e-13
TAC_high_positive_top200,TAC_high_vs_other,78,PLAU,7.82163547959221,5.21414131807484e-15,8.2757781433034e-13
TAC_high_positive_top200,TAC_high_vs_other,79,TGFBI,7.80588449312421,5.9085677258962e-15,9.25924917045506e-13
TAC_high_positive_top200,TAC_high_vs_other,80,MSC,7.78763563644785,6.82747314292065e-15,1.05655146886697e-12
TAC_high_positive_top200,TAC_high_vs_other,81,THBS1,7.78584815877832,6.92470746860673e-15,1.05836886989323e-12
TAC_high_positive_top200,TAC_high_vs_other,82,NRP2,7.77601920204258,7.48423517090444e-15,1.12755725285476e-12
TAC_high_positive_top200,TAC_high_vs_other,83,LRRC17,7.77475173270709,7.55955185678069e-15,1.12755725285476e-12
TAC_high_positive_top200,TAC_high_vs_other,84,DACT1,7.77257272951703,7.69078193143966e-15,1.1334747656098e-12
TAC_high_positive_top200,TAC_high_vs_other,85,MMP14,7.76855593740058,7.93859470993766e-15,1.14371253592228e-12
TAC_high_positive_top200,TAC_high_vs_other,86,MXRA8,7.76845352880545,7.94501438524365e-15,1.14371253592228e-12
TAC_high_positive_top200,TAC_high_vs_other,87,RARRES2,7.75987608605605,8.5012405645148e-15,1.20971676078958e-12
TAC_high_positive_top200,TAC_high_vs_other,88,GLI2,7.74571756131902,9.50435641227478e-15,1.33709014072684e-12
TAC_high_positive_top200,TAC_high_vs_other,89,KCNE4,7.74018021208573,9.92759985861507e-15,1.38094029493994e-12
TAC_high_positive_top200,TAC_high_vs_other,90,CAMSAP2,7.69377213702238,1.42859380165873e-14,1.96511014050389e-12
TAC_high_positive_top200,TAC_high_vs_other,91,CALU,7.64352604305233,2.11352355624964e-14,2.84587233526827e-12
TAC_high_positive_top200,TAC_high_vs_other,92,DNAJB4,7.64344440125924,2.11486474026398e-14,2.84587233526827e-12
TAC_high_positive_top200,TAC_high_vs_other,93,OLFML1,7.62206120912333,2.4965659285156e-14,3.32338561236808e-12
TAC_high_positive_top200,TAC_high_vs_other,94,ACKR3,7.60356525537407,2.88081885042177e-14,3.79409972002357e-12
TAC_high_positive_top200,TAC_high_vs_other,95,OLFML2B,7.596542865984,3.0414658232173e-14,3.96351019909792e-12
TAC_high_positive_top200,TAC_high_vs_other,96,COPZ2,7.59394790442626,3.10303191902202e-14,4.00161824557215e-12
TAC_high_positive_top200,TAC_high_vs_other,97,TMEM47,7.58497442898895,3.32552644377876e-14,4.24433168803928e-12
TAC_high_positive_top200,TAC_high_vs_other,98,ACTA2,7.57955851340061,3.46732799016699e-14,4.38015515492524e-12
TAC_high_positive_top200,TAC_high_vs_other,99,SERPINF1,7.55817488613076,4.08764217825413e-14,5.11161718856426e-12
TAC_high_positive_top200,TAC_high_vs_other,100,ADAM19,7.54987509331111,4.3567587507816e-14,5.39366733346762e-12
TAC_high_positive_top200,TAC_high_vs_other,101,LAMA4,7.54390751929617,4.56094636809955e-14,5.5905461422844e-12
TAC_high_positive_top200,TAC_high_vs_other,102,CORO1C,7.51384367108424,5.74161424108896e-14,6.96874355928249e-12
TAC_high_positive_top200,TAC_high_vs_other,103,NID2,7.50797373374167,6.00495495806099e-14,7.21760605638787e-12
TAC_high_positive_top200,TAC_high_vs_other,104,STC2,7.50489942640982,6.14757817375521e-14,7.31798247991246e-12
TAC_high_positive_top200,TAC_high_vs_other,105,COL7A1,7.50202489723188,6.28394325072862e-14,7.40906832800193e-12
TAC_high_positive_top200,TAC_high_vs_other,106,ITGA5,7.49067673410674,6.85193915968412e-14,8.0025478110273e-12
TAC_high_positive_top200,TAC_high_vs_other,107,EPYC,7.48898939591165,6.94059474807906e-14,8.03033298889896e-12
TAC_high_positive_top200,TAC_high_vs_other,108,TAGLN,7.45118723014091,9.25039725712812e-14,1.06036961151154e-11
TAC_high_positive_top200,TAC_high_vs_other,109,BMP1,7.44770773886028,9.49759278297153e-14,1.07871741883658e-11
TAC_high_positive_top200,TAC_high_vs_other,110,DPYSL3,7.4390067271144,1.01445158760516e-13,1.14171915041381e-11
TAC_high_positive_top200,TAC_high_vs_other,111,PRKG1,7.42420395214342,1.13460214657402e-13,1.26543915086364e-11
TAC_high_positive_top200,TAC_high_vs_other,112,ZEB1,7.41681324887014,1.19971922459047e-13,1.32611821432411e-11
TAC_high_positive_top200,TAC_high_vs_other,113,SYNDIG1,7.39276581202635,1.43805630019497e-13,1.57549884924015e-11
TAC_high_positive_top200,TAC_high_vs_other,114,BPGM,7.3790656402111,1.59404232865724e-13,1.73107403761198e-11
TAC_high_positive_top200,TAC_high_vs_other,115,SCN9A,7.37640168830082,1.62624870145272e-13,1.7506920803465e-11
TAC_high_positive_top200,TAC_high_vs_other,116,ASPN,7.36718926500511,1.74263003265993e-13,1.85980687968361e-11
TAC_high_positive_top200,TAC_high_vs_other,117,DDR2,7.36516899575834,1.76922593659265e-13,1.87205274316384e-11
TAC_high_positive_top200,TAC_high_vs_other,118,VGLL3,7.35424674319244,1.92006770149067e-13,2.01444391054699e-11
TAC_high_positive_top200,TAC_high_vs_other,119,STON1,7.32664969592305,2.35977580350776e-13,2.45496003759883e-11
TAC_high_positive_top200,TAC_high_vs_other,120,FBLN2,7.32274640123164,2.42946661766101e-13,2.50639972722028e-11
TAC_high_positive_top200,TAC_high_vs_other,121,PCBP3,7.31029068455903,2.66565088802741e-13,2.72733537138672e-11
TAC_high_positive_top200,TAC_high_vs_other,122,COL5A3,7.3028231683128,2.81791429443752e-13,2.85949007910955e-11
TAC_high_positive_top200,TAC_high_vs_other,123,RHOQ,7.29230696132183,3.04691962511012e-13,3.06673698852547e-11
TAC_high_positive_top200,TAC_high_vs_other,124,MFGE8,7.28078013613087,3.31895217752633e-13,3.3135990288529e-11
TAC_high_positive_top200,TAC_high_vs_other,125,ZCCHC24,7.26632345262657,3.69403459608588e-13,3.65857186396346e-11
TAC_high_positive_top200,TAC_high_vs_other,126,CD248,7.25675563221647,3.9648505153145e-13,3.8956229666344e-11
TAC_high_positive_top200,TAC_high_vs_other,127,CHN1,7.25233025155205,4.09661506790703e-13,3.99339327092039e-11
TAC_high_positive_top200,TAC_high_vs_other,128,ABL2,7.23092055263818,4.79730952209856e-13,4.6398978034047e-11
TAC_high_positive_top200,TAC_high_vs_other,129,HTRA1,7.20457626353947,5.82246279477906e-13,5.58775886816782e-11
TAC_high_positive_top200,TAC_high_vs_other,130,TWIST1,7.1994777592942,6.04436141849247e-13,5.75609187391821e-11
TAC_high_positive_top200,TAC_high_vs_other,131,DENND5A,7.19309709190222,6.33378675256277e-13,5.9856702287578e-11
TAC_high_positive_top200,TAC_high_vs_other,132,TENM4,7.19003743716625,6.47735591074491e-13,6.07497471022894e-11
TAC_high_positive_top200,TAC_high_vs_other,133,KCND2,7.16495111680355,7.78143154120372e-13,7.23945615530882e-11
TAC_high_positive_top200,TAC_high_vs_other,134,SUGCT,7.16399507779121,7.83592184823411e-13,7.23945615530882e-11
TAC_high_positive_top200,TAC_high_vs_other,135,RCN3,7.15784740187123,8.19537061010227e-13,7.5154583817086e-11
TAC_high_positive_top200,TAC_high_vs_other,136,ST8SIA2,7.15419779646821,8.41636383714658e-13,7.66136649293196e-11
TAC_high_positive_top200,TAC_high_vs_other,137,PTPRD,7.14275984172497,9.14753707550634e-13,8.26616853976412e-11
TAC_high_positive_top200,TAC_high_vs_other,138,SERPINH1,7.13866297375423,9.42430874933855e-13,8.45456103745009e-11
TAC_high_positive_top200,TAC_high_vs_other,139,ITGAV,7.13451508460319,9.71289636424228e-13,8.6507666898791e-11
TAC_high_positive_top200,TAC_high_vs_other,140,CAV2,7.12680516754971,1.02725336242305e-12,9.08385473342666e-11
TAC_high_positive_top200,TAC_high_vs_other,141,MAP1A,7.1233050812156,1.05369229224204e-12,9.2515677857847e-11
TAC_high_positive_top200,TAC_high_vs_other,142,GUCY1A2,7.11058646788885,1.15550881017415e-12,1.00740838520816e-10
TAC_high_positive_top200,TAC_high_vs_other,143,GAS1,7.10868599798136,1.17152939925638e-12,1.01423314425133e-10
TAC_high_positive_top200,TAC_high_vs_other,144,CSGALNACT2,7.10400472311498,1.21192711529847e-12,1.04192067273577e-10
TAC_high_positive_top200,TAC_high_vs_other,145,PLPPR4,7.08923345731256,1.34856865782582e-12,1.15139861957818e-10
TAC_high_positive_top200,TAC_high_vs_other,146,LOX,7.08112304076216,1.42990870042764e-12,1.21248422680097e-10
TAC_high_positive_top200,TAC_high_vs_other,147,CRMP1,7.0774761460345,1.46803451730215e-12,1.23634471593202e-10
TAC_high_positive_top200,TAC_high_vs_other,148,BNC2,7.07531405317735,1.4911068039964e-12,1.24729069145104e-10
TAC_high_positive_top200,TAC_high_vs_other,149,SLC22A17,7.07203196182489,1.52681240941348e-12,1.26858641802274e-10
TAC_high_positive_top200,TAC_high_vs_other,150,RGS4,7.06421137458551,1.61530706959035e-12,1.3331667681019e-10
TAC_high_positive_top200,TAC_high_vs_other,151,KIAA0930,7.06295392854828,1.62999778597925e-12,1.3363822907565e-10
TAC_high_positive_top200,TAC_high_vs_other,152,RBFOX2,7.04177770096172,1.89802475635626e-12,1.54589121603227e-10
TAC_high_positive_top200,TAC_high_vs_other,153,STK32B,7.02266811251582,2.17670849638803e-12,1.76128439119502e-10
TAC_high_positive_top200,TAC_high_vs_other,154,VSTM4,7.01873414866635,2.23887313024307e-12,1.78878932654751e-10
TAC_high_positive_top200,TAC_high_vs_other,155,DZIP1,7.01868885448374,2.2395989144981e-12,1.78878932654751e-10
TAC_high_positive_top200,TAC_high_vs_other,156,GFPT2,7.0116412267302,2.35538568762111e-12,1.86920992389419e-10
TAC_high_positive_top200,TAC_high_vs_other,157,CDH13,7.00671576108358,2.43977203698461e-12,1.92384572088341e-10
TAC_high_positive_top200,TAC_high_vs_other,158,MN1,6.99110281419628,2.72733791454982e-12,2.13699008747638e-10
TAC_high_positive_top200,TAC_high_vs_other,159,HOMER3,6.9891352886387,2.76585615849998e-12,2.15354083284464e-10
TAC_high_positive_top200,TAC_high_vs_other,160,NUAK1,6.9865359483635,2.81756235273222e-12,2.18008887042655e-10
TAC_high_positive_top200,TAC_high_vs_other,161,TIMP3,6.98483341380313,2.85194178076537e-12,2.19298380409163e-10
TAC_high_positive_top200,TAC_high_vs_other,162,DUSP14,6.97880307127183,2.97705423099196e-12,2.27313652930081e-10
TAC_high_positive_top200,TAC_high_vs_other,163,PRSS23,6.97805702373826,2.99290189237506e-12,2.27313652930081e-10
TAC_high_positive_top200,TAC_high_vs_other,164,FOXD1,6.9611283194283,3.3755812443782e-12,2.53490010612054e-10
TAC_high_positive_top200,TAC_high_vs_other,165,PDGFC,6.96100650310346,3.37850175694579e-12,2.53490010612054e-10
TAC_high_positive_top200,TAC_high_vs_other,166,WNT2,6.94832157574413,3.6965763197849e-12,2.74210156812951e-10
TAC_high_positive_top200,TAC_high_vs_other,167,USB1,6.94823070194664,3.69895768883384e-12,2.74210156812951e-10
TAC_high_positive_top200,TAC_high_vs_other,168,APBA2,6.94690699436627,3.73381675796713e-12,2.75146734902578e-10
TAC_high_positive_top200,TAC_high_vs_other,169,FOXF2,6.94333088611392,3.82960994004499e-12,2.79205119769524e-10
TAC_high_positive_top200,TAC_high_vs_other,170,SNAI2,6.94316925521066,3.83399599037311e-12,2.79205119769524e-10
TAC_high_positive_top200,TAC_high_vs_other,171,PTDSS1,6.91654906487379,4.62778184672677e-12,3.35040580482324e-10
TAC_high_positive_top200,TAC_high_vs_other,172,SLC7A8,6.90192675789427,5.13018861201984e-12,3.69254273353521e-10
TAC_high_positive_top200,TAC_high_vs_other,173,FST,6.89147438370143,5.52170661112978e-12,3.95137155177958e-10
TAC_high_positive_top200,TAC_high_vs_other,174,PRKD1,6.87880659053766,6.03560371643358e-12,4.29429735686481e-10
TAC_high_positive_top200,TAC_high_vs_other,175,ADGRA2,6.85601066756492,7.08100918502339e-12,5.00930821203369e-10
TAC_high_positive_top200,TAC_high_vs_other,176,OLFML3,6.85080112473145,7.34375515196236e-12,5.1656641353008e-10
TAC_high_positive_top200,TAC_high_vs_other,177,TUBA1A,6.84911220624275,7.43096963772298e-12,5.19748045847517e-10
TAC_high_positive_top200,TAC_high_vs_other,178,THBS2,6.83355438303928,8.2836072735048e-12,5.7612953958421e-10
TAC_high_positive_top200,TAC_high_vs_other,179,TSPAN9,6.83052477168014,8.46045679067632e-12,5.85142207086999e-10
TAC_high_positive_top200,TAC_high_vs_other,180,ARL4C,6.8283076858158,8.59221516638533e-12,5.90953465332502e-10
TAC_high_positive_top200,TAC_high_vs_other,181,PARVA,6.82516348236492,8.78252429907869e-12,6.00705253163504e-10
TAC_high_positive_top200,TAC_high_vs_other,182,COL18A1,6.80899686758567,9.82816192511105e-12,6.68531014466345e-10
TAC_high_positive_top200,TAC_high_vs_other,183,P3H1,6.80602671327653,1.00331090357339e-11,6.7874256755402e-10
TAC_high_positive_top200,TAC_high_vs_other,184,LPAR1,6.80140649895045,1.0360263135371e-11,6.93939603477965e-10
TAC_high_positive_top200,TAC_high_vs_other,185,LOXL1,6.80127318115909,1.03698567563347e-11,6.93939603477965e-10
TAC_high_positive_top200,TAC_high_vs_other,186,VIM,6.79348226568877,1.09458699123508e-11,7.28547685563995e-10
TAC_high_positive_top200,TAC_high_vs_other,187,PDGFB,6.79044376323192,1.11789148057914e-11,7.4008002831924e-10
TAC_high_positive_top200,TAC_high_vs_other,188,GSTO1,6.74157405629067,1.56679840086398e-11,1.03175341503703e-09
TAC_high_positive_top200,TAC_high_vs_other,189,FILIP1L,6.7341031512296,1.64944135300503e-11,1.08042772223293e-09
TAC_high_positive_top200,TAC_high_vs_other,190,IGFBP7,6.73184270512319,1.67527697065703e-11,1.09157520509126e-09
TAC_high_positive_top200,TAC_high_vs_other,191,SRPX2,6.7273450182811,1.7278671005167e-11,1.11994736672234e-09
TAC_high_positive_top200,TAC_high_vs_other,192,ZFHX3,6.72476437555601,1.75876813122093e-11,1.13403903461016e-09
TAC_high_positive_top200,TAC_high_vs_other,193,CLIC4,6.72192127409799,1.79343851076201e-11,1.15040252659242e-09
TAC_high_positive_top200,TAC_high_vs_other,194,TGFB3,6.71665486190788,1.85943680856518e-11,1.18658905618747e-09
TAC_high_positive_top200,TAC_high_vs_other,195,NXPE3,6.70816325720535,1.9708936378499e-11,1.25126478136317e-09
TAC_high_positive_top200,TAC_high_vs_other,196,MYLK,6.70661062757307,1.99196846541003e-11,1.25819232662124e-09
TAC_high_positive_top200,TAC_high_vs_other,197,PLXDC1,6.70264764046921,2.04676602058685e-11,1.28624179364798e-09
TAC_high_positive_top200,TAC_high_vs_other,198,MMP16,6.69321702939629,2.18316978153052e-11,1.36503241895696e-09
TAC_high_positive_top200,TAC_high_vs_other,199,EGR2,6.69126404669632,2.2125102492225e-11,1.37478733373587e-09
TAC_high_positive_top200,TAC_high_vs_other,200,GAL3ST4,6.69070491562855,2.22098115304665e-11,1.37478733373587e-09
Core_CAF_interaction_positive_top200,Core_CAF_interaction,1,SLC39A4,3.79018503486464,0.000150535104438685,0.253876757651265
Core_CAF_interaction_positive_top200,Core_CAF_interaction,2,VPS28,3.62927141155009,0.000284222287520889,0.253876757651265
Core_CAF_interaction_positive_top200,Core_CAF_interaction,3,SPRY2,3.61449860470022,0.000300929436722185,0.253876757651265
Core_CAF_interaction_positive_top200,Core_CAF_interaction,4,SLC52A2,3.54598919972163,0.000391142237711492,0.253876757651265
Core_CAF_interaction_positive_top200,Core_CAF_interaction,5,PTEN,3.51627875953423,0.000437641228437558,0.253876757651265
Core_CAF_interaction_positive_top200,Core_CAF_interaction,6,DNMBP,3.45378698897351,0.000552773801108703,0.253876757651265
Core_CAF_interaction_positive_top200,Core_CAF_interaction,7,GPRC5D,3.41869881984729,0.00062921330437643,0.253876757651265
Core_CAF_interaction_positive_top200,Core_CAF_interaction,8,ENTPD7,3.40624279377836,0.000658635777224063,0.253876757651265
Core_CAF_interaction_positive_top200,Core_CAF_interaction,9,PTK2,3.39489213079991,0.000686556446705838,0.253876757651265
Core_CAF_interaction_positive_top200,Core_CAF_interaction,10,ALDH18A1,3.39372429569304,0.000689490697339032,0.253876757651265
Core_CAF_interaction_positive_top200,Core_CAF_interaction,11,TM9SF3,3.32895832674696,0.000871714465400151,0.271394749027007
Core_CAF_interaction_positive_top200,Core_CAF_interaction,12,HS1BP3,3.32820326344963,0.000874080665689938,0.271394749027007
Core_CAF_interaction_positive_top200,Core_CAF_interaction,13,CYC1,3.21930145522801,0.00128503315065954,0.295564214723239
Core_CAF_interaction_positive_top200,Core_CAF_interaction,14,CHPF,3.1814817212217,0.00146523768767487,0.307451569040931
Core_CAF_interaction_positive_top200,Core_CAF_interaction,15,MAP1LC3B,3.13783325901583,0.00170201668557018,0.314697541534483
Core_CAF_interaction_positive_top200,Core_CAF_interaction,16,KDELR3,3.12992825245839,0.00174849002946549,0.314697541534483
Core_CAF_interaction_positive_top200,Core_CAF_interaction,17,SNAI1,3.09754676217435,0.00195129608215306,0.314697541534483
Core_CAF_interaction_positive_top200,Core_CAF_interaction,18,RGS16,3.08503989869429,0.00203524848746322,0.314697541534483
Core_CAF_interaction_positive_top200,Core_CAF_interaction,19,SPRYD7,3.0792888793577,0.00207495376420429,0.314697541534483
Core_CAF_interaction_positive_top200,Core_CAF_interaction,20,DUSP6,3.07688604975544,0.00209175246901997,0.314697541534483
Core_CAF_interaction_positive_top200,Core_CAF_interaction,21,ZFHX3,3.07431770228744,0.00210984619930227,0.314697541534483
Core_CAF_interaction_positive_top200,Core_CAF_interaction,22,MGAT5,3.06227301600705,0.00219663001709905,0.323741423948645
Core_CAF_interaction_positive_top200,Core_CAF_interaction,23,TMCO1,3.03370231709529,0.00241572670633911,0.336030299151441
Core_CAF_interaction_positive_top200,Core_CAF_interaction,24,ACBD3,2.99756493655655,0.00272145873463239,0.351128781925631
Core_CAF_interaction_positive_top200,Core_CAF_interaction,25,SPATA2L,2.99529385044165,0.00274180564890663,0.351128781925631
Core_CAF_interaction_positive_top200,Core_CAF_interaction,26,PDGFB,2.9864681981119,0.00282220190271076,0.353347990986735
Core_CAF_interaction_positive_top200,Core_CAF_interaction,27,SPRY4,2.98350919815195,0.00284963470354083,0.353347990986735
Core_CAF_interaction_positive_top200,Core_CAF_interaction,28,EIF3H,2.96048113240669,0.00307158935197047,0.363464011611629
Core_CAF_interaction_positive_top200,Core_CAF_interaction,29,RCN3,2.95983529068064,0.0030780355785374,0.363464011611629
Core_CAF_interaction_positive_top200,Core_CAF_interaction,30,IL11,2.95577706634664,0.00311882431884678,0.363464011611629
Core_CAF_interaction_positive_top200,Core_CAF_interaction,31,EIF3E,2.94005428280343,0.00328154751340853,0.374958360543824
Core_CAF_interaction_positive_top200,Core_CAF_interaction,32,HGH1,2.93131932821797,0.00337525633950291,0.376447508856271
Core_CAF_interaction_positive_top200,Core_CAF_interaction,33,MSX1,2.89434232123651,0.00379953685997171,0.412616371284647
Core_CAF_interaction_positive_top200,Core_CAF_interaction,34,TMEM230,2.88541166228965,0.00390902147363113,0.412631878032682
Core_CAF_interaction_positive_top200,Core_CAF_interaction,35,EXOSC4,2.87615360843937,0.00402553758470085,0.418791220996609
Core_CAF_interaction_positive_top200,Core_CAF_interaction,36,EIF3J,2.84366829963003,0.0044597449307064,0.42884824138164
Core_CAF_interaction_positive_top200,Core_CAF_interaction,37,HSF1,2.83389098684467,0.00459850159610591,0.42884824138164
Core_CAF_interaction_positive_top200,Core_CAF_interaction,38,GLRX3,2.81538128411668,0.00487193933813696,0.42884824138164
Core_CAF_interaction_positive_top200,Core_CAF_interaction,39,F2RL1,2.81148490827601,0.00493134040916098,0.42884824138164
Core_CAF_interaction_positive_top200,Core_CAF_interaction,40,PHLDA1,2.81095188534504,0.00493951719167445,0.42884824138164
Core_CAF_interaction_positive_top200,Core_CAF_interaction,41,FTH1,2.80772305356733,0.00498931140628243,0.42884824138164
Core_CAF_interaction_positive_top200,Core_CAF_interaction,42,GLCE,2.80068269457854,0.00509946331302522,0.42884824138164
Core_CAF_interaction_positive_top200,Core_CAF_interaction,43,LOXL2,2.79462088091547,0.00519606108297625,0.42884824138164
Core_CAF_interaction_positive_top200,Core_CAF_interaction,44,DSG2,2.79109142847989,0.00525306314522286,0.430406517123915
Core_CAF_interaction_positive_top200,Core_CAF_interaction,45,ZNF239,2.78208389561618,0.00540110760158161,0.4341869443014
Core_CAF_interaction_positive_top200,Core_CAF_interaction,46,DGAT1,2.75902187227509,0.00579746545516893,0.44891259219148
Core_CAF_interaction_positive_top200,Core_CAF_interaction,47,C8ORF33,2.75564244881264,0.00585769914745383,0.44891259219148
Core_CAF_interaction_positive_top200,Core_CAF_interaction,48,CYHR1,2.75083536824626,0.00594435096289382,0.44891259219148
Core_CAF_interaction_positive_top200,Core_CAF_interaction,49,RPP30,2.73284416665966,0.00627900323816177,0.454585146716039
Core_CAF_interaction_positive_top200,Core_CAF_interaction,50,ATG5,2.7201076152314,0.00652606736970228,0.458879310417617
Core_CAF_interaction_positive_top200,Core_CAF_interaction,51,EIF4E2,2.70886388886167,0.00675140308091036,0.458924789994314
Core_CAF_interaction_positive_top200,Core_CAF_interaction,52,UBTD1,2.70201573763019,0.0068920500106739,0.458924789994314
Core_CAF_interaction_positive_top200,Core_CAF_interaction,53,PAPSS2,2.69842722517756,0.00696679685803763,0.458924789994314
Core_CAF_interaction_positive_top200,Core_CAF_interaction,54,ACTL7B,2.68515077467893,0.00724970934394666,0.462263778429955
Core_CAF_interaction_positive_top200,Core_CAF_interaction,55,GRINA,2.67281889037375,0.00752168466416952,0.463575387484947
Core_CAF_interaction_positive_top200,Core_CAF_interaction,56,SLC30A5,2.66919985155212,0.00760321948804378,0.463575387484947
Core_CAF_interaction_positive_top200,Core_CAF_interaction,57,PRRC1,2.66216602904513,0.00776395722025001,0.463575387484947
Core_CAF_interaction_positive_top200,Core_CAF_interaction,58,ENC1,2.65948114027836,0.00782611114574749,0.463575387484947
Core_CAF_interaction_positive_top200,Core_CAF_interaction,59,TNPO1,2.65753758838147,0.00787138121245416,0.463959399872444
Core_CAF_interaction_positive_top200,Core_CAF_interaction,60,STAMBPL1,2.65254052679278,0.00798885369075975,0.463959399872444
Core_CAF_interaction_positive_top200,Core_CAF_interaction,61,SHARPIN,2.64859013728147,0.0080828291559057,0.463959399872444
Core_CAF_interaction_positive_top200,Core_CAF_interaction,62,UAP1,2.6398674276991,0.00829384641284447,0.463959399872444
Core_CAF_interaction_positive_top200,Core_CAF_interaction,63,DACT1,2.63945715619498,0.00830389185813788,0.463959399872444
Core_CAF_interaction_positive_top200,Core_CAF_interaction,64,KDELR1,2.63375488100567,0.00844464274843866,0.466717309043172
Core_CAF_interaction_positive_top200,Core_CAF_interaction,65,COX15,2.62791854059874,0.00859090853003552,0.468925786922279
Core_CAF_interaction_positive_top200,Core_CAF_interaction,66,FANCF,2.62615257965874,0.00863560979321366,0.468925786922279
Core_CAF_interaction_positive_top200,Core_CAF_interaction,67,HNRNPF,2.62420744105988,0.00868508704704091,0.469525666560553
Core_CAF_interaction_positive_top200,Core_CAF_interaction,68,CANT1,2.62086425153321,0.00877071782982531,0.470049726117911
Core_CAF_interaction_positive_top200,Core_CAF_interaction,69,BBS4,2.60732503448844,0.00912526929791877,0.482781341488181
Core_CAF_interaction_positive_top200,Core_CAF_interaction,70,PTPMT1,2.60447363284286,0.00920155006969119,0.483664281466045
Core_CAF_interaction_positive_top200,Core_CAF_interaction,71,DOCK1,2.60378362295215,0.00922009454167904,0.483664281466045
Core_CAF_interaction_positive_top200,Core_CAF_interaction,72,DPP4,2.59686856900927,0.00940779141191977,0.487315722508647
Core_CAF_interaction_positive_top200,Core_CAF_interaction,73,CSNK2A1,2.59293203215572,0.00951615750102923,0.490875124428091
Core_CAF_interaction_positive_top200,Core_CAF_interaction,74,PEX2,2.58136203360752,0.00984113183683421,0.495286726447627
Core_CAF_interaction_positive_top200,Core_CAF_interaction,75,ZNF16,2.58014700086827,0.00987582658610654,0.495286726447627
Core_CAF_interaction_positive_top200,Core_CAF_interaction,76,SEC23IP,2.5764819420928,0.00998114188556311,0.495286726447627
Core_CAF_interaction_positive_top200,Core_CAF_interaction,77,PICALM,2.57558589988744,0.0100070413158266,0.495286726447627
Core_CAF_interaction_positive_top200,Core_CAF_interaction,78,VPS4A,2.57558586135712,0.0100070424308025,0.495286726447627
Core_CAF_interaction_positive_top200,Core_CAF_interaction,79,PLEKHA1,2.56437651021548,0.0103361352956794,0.496129165503022
Core_CAF_interaction_positive_top200,Core_CAF_interaction,80,EIF3A,2.56208491231631,0.0104045876983588,0.496129165503022
Core_CAF_interaction_positive_top200,Core_CAF_interaction,81,EIF2B2,2.56173144458625,0.0104151819770905,0.496129165503022
Core_CAF_interaction_positive_top200,Core_CAF_interaction,82,MICAL2,2.56082295193572,0.0104424557405194,0.496129165503022
Core_CAF_interaction_positive_top200,Core_CAF_interaction,83,PTDSS1,2.56027339476405,0.0104589847676406,0.496129165503022
Core_CAF_interaction_positive_top200,Core_CAF_interaction,84,MINPP1,2.55948785061955,0.0104826519894367,0.496129165503022
Core_CAF_interaction_positive_top200,Core_CAF_interaction,85,SLC25A6,2.55553841450066,0.0106023657577977,0.496129165503022
Core_CAF_interaction_positive_top200,Core_CAF_interaction,86,DCXR,2.55032700323233,0.0107621921468824,0.496654974063085
Core_CAF_interaction_positive_top200,Core_CAF_interaction,87,HSP90AB1,2.54558914040769,0.0109093506190974,0.496654974063085
Core_CAF_interaction_positive_top200,Core_CAF_interaction,88,UFC1,2.53561411325362,0.0112250349976277,0.498172756629238
Core_CAF_interaction_positive_top200,Core_CAF_interaction,89,RPL8,2.53083067480913,0.0113792767003091,0.498172756629238
Core_CAF_interaction_positive_top200,Core_CAF_interaction,90,ECI2,2.52666864938071,0.0115150086836783,0.498172756629238
Core_CAF_interaction_positive_top200,Core_CAF_interaction,91,PAFAH1B2,2.52322643598748,0.0116283497123004,0.498172756629238
Core_CAF_interaction_positive_top200,Core_CAF_interaction,92,MICU1,2.52240339183022,0.0116555961042579,0.498172756629238
Core_CAF_interaction_positive_top200,Core_CAF_interaction,93,LIF,2.5210774352702,0.0116996102507454,0.498172756629238
Core_CAF_interaction_positive_top200,Core_CAF_interaction,94,PDGFA,2.51626896097061,0.0118604633586611,0.498172756629238
Core_CAF_interaction_positive_top200,Core_CAF_interaction,95,NT5C,2.51445754852263,0.01192156540773,0.498172756629238
Core_CAF_interaction_positive_top200,Core_CAF_interaction,96,GTF2A2,2.51419479418778,0.0119304517020197,0.498172756629238
Core_CAF_interaction_positive_top200,Core_CAF_interaction,97,PCBD1,2.509917035468,0.0120759529588491,0.498172756629238
Core_CAF_interaction_positive_top200,Core_CAF_interaction,98,SLC38A10,2.50178101664154,0.012357033088936,0.501573998823041
Core_CAF_interaction_positive_top200,Core_CAF_interaction,99,IDE,2.49880426041188,0.0124613119242554,0.50251153622893
Core_CAF_interaction_positive_top200,Core_CAF_interaction,100,ZNF7,2.49594905484975,0.0125620641670329,0.504929722038531
Core_CAF_interaction_positive_top200,Core_CAF_interaction,101,CHORDC1,2.49454469923126,0.0126118840634244,0.5052916657126
Core_CAF_interaction_positive_top200,Core_CAF_interaction,102,TIMP1,2.49172132619772,0.0127125735942695,0.505665925586955
Core_CAF_interaction_positive_top200,Core_CAF_interaction,103,FKBP10,2.49085081695555,0.0127437616141462,0.505665925586955
Core_CAF_interaction_positive_top200,Core_CAF_interaction,104,RAB2A,2.47941491429369,0.0131598123496521,0.508338729822361
Core_CAF_interaction_positive_top200,Core_CAF_interaction,105,IER3,2.47810271644556,0.0132083114448012,0.508338729822361
Core_CAF_interaction_positive_top200,Core_CAF_interaction,106,CCNH,2.4751966693736,0.0133162824418629,0.508338729822361
Core_CAF_interaction_positive_top200,Core_CAF_interaction,107,ZBED4,2.4722371631408,0.0134270407634824,0.508338729822361
Core_CAF_interaction_positive_top200,Core_CAF_interaction,108,RNF139,2.46580054689638,0.0136707433671058,0.509770490616777
Core_CAF_interaction_positive_top200,Core_CAF_interaction,109,NDUFAF7,2.46022837323285,0.013884863149278,0.512150317227942
Core_CAF_interaction_positive_top200,Core_CAF_interaction,110,NAT2,2.45781351738086,0.0139785738837278,0.513284792027546
Core_CAF_interaction_positive_top200,Core_CAF_interaction,111,PUF60,2.45691067097937,0.0140137528033369,0.513284792027546
Core_CAF_interaction_positive_top200,Core_CAF_interaction,112,HEPH,2.45040597285234,0.0142695226238478,0.517470453238941
Core_CAF_interaction_positive_top200,Core_CAF_interaction,113,GSTO1,2.44870643521423,0.0143370246737445,0.517470453238941
Core_CAF_interaction_positive_top200,Core_CAF_interaction,114,AZIN1,2.446646106547,0.0144192341651725,0.518924764432663
Core_CAF_interaction_positive_top200,Core_CAF_interaction,115,DCPS,2.443850975276,0.0145314275918597,0.521446590107893
Core_CAF_interaction_positive_top200,Core_CAF_interaction,116,ATG12,2.43673476088893,0.0148205458023482,0.52484069947385
Core_CAF_interaction_positive_top200,Core_CAF_interaction,117,HSD17B12,2.4254868446137,0.0152878698150694,0.53239983267598
Core_CAF_interaction_positive_top200,Core_CAF_interaction,118,WNT5B,2.42336756040924,0.0153773591630578,0.53239983267598
Core_CAF_interaction_positive_top200,Core_CAF_interaction,119,TMEM214,2.41962541863458,0.0155365020174819,0.53239983267598
Core_CAF_interaction_positive_top200,Core_CAF_interaction,120,LGALS3,2.41567987609826,0.0157058628220142,0.535643475858227
Core_CAF_interaction_positive_top200,Core_CAF_interaction,121,P4HA1,2.41325331043671,0.0158108268389884,0.537741857875485
Core_CAF_interaction_positive_top200,Core_CAF_interaction,122,TSPYL1,2.40982792246529,0.0159600461261316,0.537861423303312
Core_CAF_interaction_positive_top200,Core_CAF_interaction,123,SLC39A14,2.40895162430982,0.0159984184188056,0.537861423303312
Core_CAF_interaction_positive_top200,Core_CAF_interaction,124,STK16,2.40819598420002,0.0160315723100906,0.537861423303312
Core_CAF_interaction_positive_top200,Core_CAF_interaction,125,RHOC,2.39609783150596,0.0165706668237242,0.541848816993447
Core_CAF_interaction_positive_top200,Core_CAF_interaction,126,CALU,2.3910858117026,0.0167986260909242,0.544420377871563
Core_CAF_interaction_positive_top200,Core_CAF_interaction,127,PPA1,2.39040090244327,0.0168299903249894,0.544420377871563
Core_CAF_interaction_positive_top200,Core_CAF_interaction,128,DERL1,2.38742621402252,0.0169668082419302,0.544420377871563
Core_CAF_interaction_positive_top200,Core_CAF_interaction,129,ENPEP,2.38431635986214,0.0171108856555355,0.544420377871563
Core_CAF_interaction_positive_top200,Core_CAF_interaction,130,SNAP23,2.38323083192557,0.0171614295584943,0.544420377871563
Core_CAF_interaction_positive_top200,Core_CAF_interaction,131,CAMK2N1,2.38219349780975,0.0172098518161882,0.544420377871563
Core_CAF_interaction_positive_top200,Core_CAF_interaction,132,HACD3,2.37656474741362,0.0174746942443501,0.546304835214784
Core_CAF_interaction_positive_top200,Core_CAF_interaction,133,LAMB1,2.37397361985227,0.0175978077217309,0.547015368165447
Core_CAF_interaction_positive_top200,Core_CAF_interaction,134,NPM3,2.37118677697757,0.0177310682930481,0.547015368165447
Core_CAF_interaction_positive_top200,Core_CAF_interaction,135,DLC1,2.370627347578,0.0177579252769058,0.547015368165447
Core_CAF_interaction_positive_top200,Core_CAF_interaction,136,MFF,2.36771837228995,0.0178981542231429,0.547015368165447
Core_CAF_interaction_positive_top200,Core_CAF_interaction,137,RABEPK,2.36733506019784,0.0179167041680441,0.547015368165447
Core_CAF_interaction_positive_top200,Core_CAF_interaction,138,KIF26B,2.36709686712637,0.0179282397289675,0.547015368165447
Core_CAF_interaction_positive_top200,Core_CAF_interaction,139,POLR2C,2.36644832291421,0.0179596813538175,0.547015368165447
Core_CAF_interaction_positive_top200,Core_CAF_interaction,140,EDEM3,2.36345953828893,0.0181052035918803,0.547015368165447
Core_CAF_interaction_positive_top200,Core_CAF_interaction,141,DDX10,2.36323827229629,0.0181160178471594,0.547015368165447
Core_CAF_interaction_positive_top200,Core_CAF_interaction,142,UQCR11,2.35330926427161,0.0186071511858552,0.555304592332515
Core_CAF_interaction_positive_top200,Core_CAF_interaction,143,GLRX2,2.35208830254265,0.0186683426237435,0.555304592332515
Core_CAF_interaction_positive_top200,Core_CAF_interaction,144,SFTPC,2.34799138737401,0.0188749577451082,0.555304592332515
Core_CAF_interaction_positive_top200,Core_CAF_interaction,145,SMC3,2.34540327625554,0.0190065093638301,0.555304592332515
Core_CAF_interaction_positive_top200,Core_CAF_interaction,146,KLHL35,2.34465803247454,0.0190445378590984,0.555304592332515
Core_CAF_interaction_positive_top200,Core_CAF_interaction,147,IPO7,2.3445113711962,0.0190520295583284,0.555304592332515
Core_CAF_interaction_positive_top200,Core_CAF_interaction,148,OPLAH,2.32653021931336,0.0199902822770551,0.555900965153243
Core_CAF_interaction_positive_top200,Core_CAF_interaction,149,TCF12,2.32607663288035,0.0200144628783519,0.555900965153243
Core_CAF_interaction_positive_top200,Core_CAF_interaction,150,PSMD1,2.32517584127565,0.0200625596009062,0.555900965153243
Core_CAF_interaction_positive_top200,Core_CAF_interaction,151,RB1CC1,2.32421100148627,0.0201141879608425,0.555900965153243
Core_CAF_interaction_positive_top200,Core_CAF_interaction,152,ST13,2.32158655923703,0.0202552083117973,0.555900965153243
Core_CAF_interaction_positive_top200,Core_CAF_interaction,153,HTN3,2.31964847395194,0.0203599013164876,0.555900965153243
Core_CAF_interaction_positive_top200,Core_CAF_interaction,154,SCAMP4,2.3195804888506,0.0203635823426445,0.555900965153243
Core_CAF_interaction_positive_top200,Core_CAF_interaction,155,DYNC1I2,2.3186505400467,0.0204139923621738,0.555900965153243
Core_CAF_interaction_positive_top200,Core_CAF_interaction,156,BUB3,2.31577203587176,0.0205707188442811,0.555900965153243
Core_CAF_interaction_positive_top200,Core_CAF_interaction,157,MPST,2.31553237460986,0.0205838149198129,0.555900965153243
Core_CAF_interaction_positive_top200,Core_CAF_interaction,158,TRAPPC9,2.31427313294617,0.0206527445767673,0.555900965153243
Core_CAF_interaction_positive_top200,Core_CAF_interaction,159,YY1,2.3128214134611,0.0207324599552265,0.555900965153243
Core_CAF_interaction_positive_top200,Core_CAF_interaction,160,COMMD10,2.31238489636728,0.0207564819423583,0.555900965153243
Core_CAF_interaction_positive_top200,Core_CAF_interaction,161,SEC24D,2.31171872394541,0.0207931888688503,0.555900965153243
Core_CAF_interaction_positive_top200,Core_CAF_interaction,162,MMD,2.30935193858945,0.0209240597013061,0.555900965153243
Core_CAF_interaction_positive_top200,Core_CAF_interaction,163,BTBD1,2.30902722307695,0.0209420706504569,0.555900965153243
Core_CAF_interaction_positive_top200,Core_CAF_interaction,164,SLC12A2,2.30557435903946,0.0211344273861318,0.555900965153243
Core_CAF_interaction_positive_top200,Core_CAF_interaction,165,BCCIP,2.30497362756489,0.0211680504634813,0.555900965153243
Core_CAF_interaction_positive_top200,Core_CAF_interaction,166,IVNS1ABP,2.30339644191923,0.0212565477647704,0.555900965153243
Core_CAF_interaction_positive_top200,Core_CAF_interaction,167,HSP90AA1,2.30210954947901,0.0213289950280929,0.555900965153243
Core_CAF_interaction_positive_top200,Core_CAF_interaction,168,TNFRSF10D,2.29426876157246,0.0217750657569998,0.562787712049388
Core_CAF_interaction_positive_top200,Core_CAF_interaction,169,FABP2,2.28878047571451,0.0220921104336091,0.565512846524377
Core_CAF_interaction_positive_top200,Core_CAF_interaction,170,TBC1D12,2.28523831954338,0.0222988574236047,0.565512846524377
Core_CAF_interaction_positive_top200,Core_CAF_interaction,171,ZBED1,2.28395770964618,0.0223740164797968,0.565512846524377
Core_CAF_interaction_positive_top200,Core_CAF_interaction,172,LYPLA1,2.28314601473642,0.0224217688523207,0.565512846524377
Core_CAF_interaction_positive_top200,Core_CAF_interaction,173,LAMC3,2.28143839851282,0.0225225180216751,0.565512846524377
Core_CAF_interaction_positive_top200,Core_CAF_interaction,174,MAFG,2.27999402399397,0.022608042911476,0.565512846524377
Core_CAF_interaction_positive_top200,Core_CAF_interaction,175,SLC35A3,2.27685980463012,0.0227945988581436,0.565512846524377
Core_CAF_interaction_positive_top200,Core_CAF_interaction,176,DNPH1,2.27621380049763,0.0228332163261904,0.565512846524377
Core_CAF_interaction_positive_top200,Core_CAF_interaction,177,WDR45B,2.27453192017948,0.0229340241526867,0.565512846524377
Core_CAF_interaction_positive_top200,Core_CAF_interaction,178,FOLH1,2.27422117630732,0.0229526916394197,0.565512846524377
Core_CAF_interaction_positive_top200,Core_CAF_interaction,179,SEC63,2.27346446771691,0.0229982050209981,0.565512846524377
Core_CAF_interaction_positive_top200,Core_CAF_interaction,180,SAP18,2.27175484573999,0.0231013215179608,0.565512846524377
Core_CAF_interaction_positive_top200,Core_CAF_interaction,181,PPA2,2.26984942380554,0.023216720653082,0.565512846524377
Core_CAF_interaction_positive_top200,Core_CAF_interaction,182,GTF2F2,2.2697732231758,0.0232213460244027,0.565512846524377
Core_CAF_interaction_positive_top200,Core_CAF_interaction,183,GPR3,2.26727660542125,0.0233733336759097,0.5662658921874
Core_CAF_interaction_positive_top200,Core_CAF_interaction,184,SDF4,2.26600178112292,0.0234512741945439,0.567044481500886
Core_CAF_interaction_positive_top200,Core_CAF_interaction,185,ISG20L2,2.25215377472825,0.0243125560333084,0.57846310999063
Core_CAF_interaction_positive_top200,Core_CAF_interaction,186,ATG16L1,2.24500871753315,0.0247675729329566,0.581826476110063
Core_CAF_interaction_positive_top200,Core_CAF_interaction,187,SERPIND1,2.24357697401127,0.0248596321496786,0.58188976174658
Core_CAF_interaction_positive_top200,Core_CAF_interaction,188,ITFG1,2.23718765446972,0.0252740778977516,0.584737327540583
Core_CAF_interaction_positive_top200,Core_CAF_interaction,189,DOK4,2.23552842969385,0.0253826773354697,0.584737327540583
Core_CAF_interaction_positive_top200,Core_CAF_interaction,190,ACAN,2.23437707242783,0.0254582729841982,0.584737327540583
Core_CAF_interaction_positive_top200,Core_CAF_interaction,191,PGRMC2,2.23340911539241,0.0255219776194618,0.58511496838692
Core_CAF_interaction_positive_top200,Core_CAF_interaction,192,JMJD6,2.23099405841165,0.0256815225874233,0.586024181140056
Core_CAF_interaction_positive_top200,Core_CAF_interaction,193,HMGA2,2.22960041765085,0.0257739821084506,0.586024181140056
Core_CAF_interaction_positive_top200,Core_CAF_interaction,194,KPNA3,2.22924665787956,0.025797497662656,0.586024181140056
Core_CAF_interaction_positive_top200,Core_CAF_interaction,195,TCTN3,2.22830665216845,0.0258600730517493,0.586024181140056
Core_CAF_interaction_positive_top200,Core_CAF_interaction,196,VPS26A,2.22758923103278,0.0259079194452093,0.586024181140056
Core_CAF_interaction_positive_top200,Core_CAF_interaction,197,P4HB,2.22636271412444,0.0259898958577353,0.586024181140056
Core_CAF_interaction_positive_top200,Core_CAF_interaction,198,FBXL6,2.22427908933873,0.0261296726970364,0.586024181140056
Core_CAF_interaction_positive_top200,Core_CAF_interaction,199,AVPI1,2.21894342442861,0.0264905737448937,0.590906852183395
Core_CAF_interaction_positive_top200,Core_CAF_interaction,200,TM6SF2,2.21577387388049,0.0267069925994023,0.59359527536912
